<?xml version="1.0"?>
<ArrayOfXmlUser xmlns:xsi="http://www.w3.org/2001/XMLSchema-instance" xmlns:xsd="http://www.w3.org/2001/XMLSchema">
  <XmlUser>
    <UserKey>530f065d-9651-45d6-a377-9a33f1212891</UserKey>
    <UserName>new</UserName>
    <Password>B9F8E304A88E92F3C9EFAE1A798AEA7707BD7C98</Password>
    <PasswordSalt>YLgD5TtqQMAUsb2hxuYgYQ==</PasswordSalt>
    <Email>new@new.com</Email>
    <CreationDate>2013-03-07T16:15:54.6979201-05:00</CreationDate>
    <LastActivityDate>2013-03-07T16:15:54.6979201-05:00</LastActivityDate>
    <LastLoginDate>0001-01-01T00:00:00</LastLoginDate>
    <LastPasswordChangeDate>2013-03-07T16:15:54.6979201-05:00</LastPasswordChangeDate>
    <LastLockoutDate>9999-12-31T23:59:59.9999999</LastLockoutDate>
    <IsApproved>true</IsApproved>
    <IsLockedOut>false</IsLockedOut>
    <FailedPasswordAttemptCount>0</FailedPasswordAttemptCount>
  </XmlUser>
</ArrayOfXmlUser>