<?xml version="1.0"?>
<doc>
    <assembly>
        <name>Intuit.Ipp.DataAggregation.Core</name>
    </assembly>
    <members>
        <member name="T:Intuit.Ipp.DataAggregation.Core.Rest.RequestParameters">
            <summary>
            Parameters for calling Rest calls.
            </summary>
        </member>
        <member name="M:Intuit.Ipp.DataAggregation.Core.Rest.RequestParameters.#ctor(System.String,Intuit.Ipp.DataAggregation.Core.HttpVerbType,System.String)">
            <summary>
            Initializes a new instance of the <see cref="T:Intuit.Ipp.DataAggregation.Core.Rest.RequestParameters"/> class.
            </summary>
            <param name="resourceUri">The resource URI.</param>
            <param name="verb">The http verb.</param>
            <param name="contentType">Type of the content.</param>
        </member>
        <member name="M:Intuit.Ipp.DataAggregation.Core.Rest.RequestParameters.#ctor(System.String,Intuit.Ipp.DataAggregation.Core.HttpVerbType,System.String,System.Boolean)">
            <summary>
            Initializes a new instance of the <see cref="T:Intuit.Ipp.DataAggregation.Core.Rest.RequestParameters"/> class.
            </summary>
            <param name="resourceUri">The resource URI.</param>
            <param name="verb">The http verb.</param>
            <param name="contentType">Type of the content.</param>
            <param name="mfa">Name of the API.</param>
        </member>
        <member name="P:Intuit.Ipp.DataAggregation.Core.Rest.RequestParameters.ResourceUri">
            <summary>
            Gets the resource URI.
            </summary>
            <value>
            The resource URI.
            </value>
        </member>
        <member name="P:Intuit.Ipp.DataAggregation.Core.Rest.RequestParameters.Verb">
            <summary>
            Gets the verb.
            </summary>
            <value>
            The http verb.
            </value>
        </member>
        <member name="P:Intuit.Ipp.DataAggregation.Core.Rest.RequestParameters.ContentType">
            <summary>
            Gets the type of the content.
            </summary>
            <value>
            The type of the content.
            </value>
        </member>
        <member name="P:Intuit.Ipp.DataAggregation.Core.Rest.RequestParameters.IsMfa">
            <summary>
            Gets a value indicating whether the servicve API being invoked requires MFA
            </summary>
        </member>
        <member name="T:Intuit.Ipp.DataAggregation.Core.NamespaceDoc">
            <summary>
            Intuit.Ipp.DataAggregation.Core assembly has components required to call Aggregation and Categorization service APIs.  
            ServiceContext class is one among those components which must be created to invoke REST Service APIs.  
            The ServiceContext class holds context information such as authorization.
            </summary>
        </member>
        <member name="T:Intuit.Ipp.DataAggregation.Core.Properties.Resources">
            <summary>
              A strongly-typed resource class, for looking up localized strings, etc.
            </summary>
        </member>
        <member name="P:Intuit.Ipp.DataAggregation.Core.Properties.Resources.ResourceManager">
            <summary>
              Returns the cached ResourceManager instance used by this class.
            </summary>
        </member>
        <member name="P:Intuit.Ipp.DataAggregation.Core.Properties.Resources.Culture">
            <summary>
              Overrides the current thread's CurrentUICulture property for all
              resource lookups using this strongly typed resource class.
            </summary>
        </member>
        <member name="P:Intuit.Ipp.DataAggregation.Core.Properties.Resources.AppDbidParameterName">
            <summary>
              Looks up a localized string similar to appDbid.
            </summary>
        </member>
        <member name="P:Intuit.Ipp.DataAggregation.Core.Properties.Resources.AppTokenParameterName">
            <summary>
              Looks up a localized string similar to appToken.
            </summary>
        </member>
        <member name="P:Intuit.Ipp.DataAggregation.Core.Properties.Resources.BaseUriNullMessage">
            <summary>
              Looks up a localized string similar to Could not retrieve BaseURI property. The given realm might not be part of QBO..
            </summary>
        </member>
        <member name="P:Intuit.Ipp.DataAggregation.Core.Properties.Resources.CommunicationErrorMessage">
            <summary>
              Looks up a localized string similar to There was an error while communicating with the Ids Server..
            </summary>
        </member>
        <member name="P:Intuit.Ipp.DataAggregation.Core.Properties.Resources.CurrentCompanyNullMessage">
            <summary>
              Looks up a localized string similar to The CurrentCompany property of Quickbase Online User is null..
            </summary>
        </member>
        <member name="P:Intuit.Ipp.DataAggregation.Core.Properties.Resources.ErrorCodeMissing">
            <summary>
              Looks up a localized string similar to API response without Error code element..
            </summary>
        </member>
        <member name="P:Intuit.Ipp.DataAggregation.Core.Properties.Resources.ErrorCodeNonNemeric">
            <summary>
              Looks up a localized string similar to Error code &quot;{0}&quot; not numeric!.
            </summary>
        </member>
        <member name="P:Intuit.Ipp.DataAggregation.Core.Properties.Resources.ErrorDetails0">
            <summary>
              Looks up a localized string similar to {0} (Error {1}, Detail: {2}).
            </summary>
        </member>
        <member name="P:Intuit.Ipp.DataAggregation.Core.Properties.Resources.ErrorDetails1">
            <summary>
              Looks up a localized string similar to {0} (Error {1}).
            </summary>
        </member>
        <member name="P:Intuit.Ipp.DataAggregation.Core.Properties.Resources.ErrorWithNoText">
            <summary>
              Looks up a localized string similar to Error {0}.
            </summary>
        </member>
        <member name="P:Intuit.Ipp.DataAggregation.Core.Properties.Resources.ExceptionGeneratedMessage">
            <summary>
              Looks up a localized string similar to Exception has been generated: {0}..
            </summary>
        </member>
        <member name="P:Intuit.Ipp.DataAggregation.Core.Properties.Resources.NoServiceTypeResponseMessage">
            <summary>
              Looks up a localized string similar to The response did not contain the service type..
            </summary>
        </member>
        <member name="P:Intuit.Ipp.DataAggregation.Core.Properties.Resources.ParameterNotNullEmptyMessage">
            <summary>
              Looks up a localized string similar to Parameter Cannot be null or empty..
            </summary>
        </member>
        <member name="P:Intuit.Ipp.DataAggregation.Core.Properties.Resources.ParameterNotNullMessage">
            <summary>
              Looks up a localized string similar to Parameter cannot be null..
            </summary>
        </member>
        <member name="P:Intuit.Ipp.DataAggregation.Core.Properties.Resources.RealmIdNotFoundMessage">
            <summary>
              Looks up a localized string similar to The realm id for the appToken could not be found..
            </summary>
        </member>
        <member name="P:Intuit.Ipp.DataAggregation.Core.Properties.Resources.RealmIdParameterName">
            <summary>
              Looks up a localized string similar to realmId.
            </summary>
        </member>
        <member name="P:Intuit.Ipp.DataAggregation.Core.Properties.Resources.RequestValidatorParameterName">
            <summary>
              Looks up a localized string similar to requestValidator.
            </summary>
        </member>
        <member name="P:Intuit.Ipp.DataAggregation.Core.Properties.Resources.ResponseStreamNullOrEmptyMessage">
            <summary>
              Looks up a localized string similar to The Response Stream was null or empty..
            </summary>
        </member>
        <member name="P:Intuit.Ipp.DataAggregation.Core.Properties.Resources.ResponseStreamReadFailedMessage">
            <summary>
              Looks up a localized string similar to Failed to read the response stream..
            </summary>
        </member>
        <member name="P:Intuit.Ipp.DataAggregation.Core.Properties.Resources.SerializationExceptionMessage">
            <summary>
              Looks up a localized string similar to The Deserialization to Quickbooks Online User failed..
            </summary>
        </member>
        <member name="P:Intuit.Ipp.DataAggregation.Core.Properties.Resources.TicketParameterName">
            <summary>
              Looks up a localized string similar to ticket.
            </summary>
        </member>
        <member name="P:Intuit.Ipp.DataAggregation.Core.Properties.Resources.ValidDirectoryPathMessage">
            <summary>
              Looks up a localized string similar to Please specify a valid directory path..
            </summary>
        </member>
        <member name="T:Intuit.Ipp.DataAggregation.Core.Rest.IRestHandler">
            <summary>
            IRestHandler contains the methods for preparing the REST request, calls REST services and returns the response.
            </summary>
        </member>
        <member name="M:Intuit.Ipp.DataAggregation.Core.Rest.IRestHandler.PrepareRequest(Intuit.Ipp.DataAggregation.Core.Rest.RequestParameters,System.Object)">
            <summary>
            Prepares the HttpWebRequest along with authentication header added to the request.
            </summary>
            <param name="requestParameters">The parameters.</param>
            <param name="requestBody">The request entity.</param>
            <returns>
            Http web request object.
            </returns>
        </member>
        <member name="M:Intuit.Ipp.DataAggregation.Core.Rest.IRestHandler.GetResponse(System.Net.HttpWebRequest)">
            <summary>
            Returns the response by calling REST service.
            </summary>
            <param name="request">The request.</param>
            <returns>Response from REST service.</returns>
        </member>
        <member name="T:Intuit.Ipp.DataAggregation.Core.ServiceContext">
            <summary>
            Aggregation and categorization service context
            </summary>
        </member>
        <member name="F:Intuit.Ipp.DataAggregation.Core.ServiceContext.DEFAULT_BASE_URL">
            <summary>
            Default base url
            </summary>        
        </member>
        <member name="F:Intuit.Ipp.DataAggregation.Core.ServiceContext.baseserviceURL">
            <summary>
            Base Uri for IDS Service Call.
            </summary>
        </member>
        <member name="F:Intuit.Ipp.DataAggregation.Core.ServiceContext.serviceRequestLoggingLocation">
            <summary>
            Service Request Logging Location.
            </summary>
        </member>
        <member name="F:Intuit.Ipp.DataAggregation.Core.ServiceContext.enableServiceRequestsLogging">
            <summary>
            Enable Service Requests Logging.
            </summary>
        </member>
        <member name="M:Intuit.Ipp.DataAggregation.Core.ServiceContext.#ctor(Intuit.Ipp.DataAggregation.Security.IRequestValidator)">
            <summary>
            Initializes a new instance of the <see cref="T:Intuit.Ipp.DataAggregation.Core.ServiceContext"/> class.
            </summary>
            <param name="requestValidator">The request validate.</param>
            <returns>Returns ServiceContext object.</returns>
            <exception cref="!:Intuit.Ipp.Exception.AggregationAndCategorizationException">If arguments are null or empty.</exception>
        </member>
        <member name="M:Intuit.Ipp.DataAggregation.Core.ServiceContext.#ctor">
            <summary>
            Prevents a default instance of the <see cref="T:Intuit.Ipp.DataAggregation.Core.ServiceContext"/> class from being created.
            </summary>
        </member>
        <member name="M:Intuit.Ipp.DataAggregation.Core.ServiceContext.GetBaseURL">
            <summary>
            Gets base url
            </summary>
            <returns>Base Url to the service</returns>
        </member>
        <member name="P:Intuit.Ipp.DataAggregation.Core.ServiceContext.RequestValidator">
            <summary>
            Gets or sets the request validate.
            </summary>
            <value>
            The request validate.
            </value>
        </member>
        <member name="P:Intuit.Ipp.DataAggregation.Core.ServiceContext.BaseUrl">
            <summary>
            Gets Base Uri for IDS Service Calls.
            </summary>
        </member>
        <member name="P:Intuit.Ipp.DataAggregation.Core.ServiceContext.IdsLogger">
            <summary>
            Gets or sets IDS Logger.
            </summary>
        </member>
        <member name="P:Intuit.Ipp.DataAggregation.Core.ServiceContext.RetryPolicy">
            <summary>
            Gets or sets the Retry Policy used to retry service calls when Retry-able Exceptions are generated.
            </summary>
            <value>
            The retry policy.
            </value>
            <exception>Throws RetryExceededException after retrying the service call for specified policy.</exception>
        </member>
        <member name="P:Intuit.Ipp.DataAggregation.Core.ServiceContext.Serializer">
            <summary>
            Gets or sets the Serialize Type. For V3 release Intuit supports JSON serialization.
            </summary>
        </member>
        <member name="P:Intuit.Ipp.DataAggregation.Core.ServiceContext.EnableServiceRequestsLogging">
            <summary>
            Gets or sets a value indicating whether or not to log API requests and responses to the local file system. 
            Default value is false.
            </summary>
        </member>
        <member name="P:Intuit.Ipp.DataAggregation.Core.ServiceContext.ServiceRequestLoggingLocation">
            <summary>
            Gets or sets the Desired Location for files created on file system while logging API requests and responses (if <see cref="P:Intuit.Ipp.DataAggregation.Core.ServiceContext.EnableServiceRequestsLogging"/> is set to true). 
            Default Value is Temp directory. File name will be the request id + time stamp with a txt extension.
            </summary>
            <exception cref="!:Intuit.Ipp.Exception.IdsException">If the specified directory is not found.</exception>
        </member>
        <member name="T:Intuit.Ipp.DataAggregation.Core.HttpVerbType">
            <summary>
            Enumeration for the different values that can be used as value for HttpWebRequest method property. 
            </summary>
        </member>
        <member name="F:Intuit.Ipp.DataAggregation.Core.HttpVerbType.Get">
            <summary>
            Http Get verb.
            </summary>
        </member>
        <member name="F:Intuit.Ipp.DataAggregation.Core.HttpVerbType.Put">
            <summary>
            Http Put verb.
            </summary>
        </member>
        <member name="F:Intuit.Ipp.DataAggregation.Core.HttpVerbType.Delete">
            <summary>
            Http Delete verb.
            </summary>
        </member>
        <member name="F:Intuit.Ipp.DataAggregation.Core.HttpVerbType.Post">
            <summary>
            Http Post verb.
            </summary>
        </member>
        <member name="T:Intuit.Ipp.DataAggregation.Core.CoreConstants">
            <summary>
            Constants whose values do not change.
            </summary>
        </member>
        <member name="F:Intuit.Ipp.DataAggregation.Core.CoreConstants.SLASH_CHAR">
            <summary>
            Slash character.
            </summary>
        </member>
        <member name="F:Intuit.Ipp.DataAggregation.Core.CoreConstants.VERSION">
            <summary>
            The Intuit Services Version.
            </summary>
        </member>
        <member name="F:Intuit.Ipp.DataAggregation.Core.CoreConstants.CONTENTTYPE_APPLICATIONXML">
            <summary>
            Content type: application/xml.
            </summary>
        </member>
        <member name="F:Intuit.Ipp.DataAggregation.Core.CoreConstants.AUTHORIZATIONSTRING_FORHEADER">
            <summary>
            Authorization String For Header.
            </summary>
        </member>
        <member name="F:Intuit.Ipp.DataAggregation.Core.CoreConstants.REQUESTFILENAME_FORMAT">
            <summary>
            Request File Name Format.
            </summary>
        </member>
        <member name="F:Intuit.Ipp.DataAggregation.Core.CoreConstants.RESPONSEFILENAME_FORMAT">
            <summary>
            Response File Name Format.
            </summary>
        </member>
        <member name="T:Intuit.Ipp.DataAggregation.Core.Rest.RestHandler">
            <summary>
            Rest Handler class.
            </summary>
            <seealso cref="T:Intuit.Ipp.DataAggregation.Core.Rest.RestHandler"/>
        </member>
        <member name="F:Intuit.Ipp.DataAggregation.Core.Rest.RestHandler.serviceContext">
            <summary>
            Gets or sets the context.
            </summary>
            <value>
            The context.
            </value>
        </member>
        <member name="F:Intuit.Ipp.DataAggregation.Core.Rest.RestHandler.isMfa">
            <summary>
            Indicates whether the servicve API being invoked requires MFA
            </summary>
        </member>
        <member name="M:Intuit.Ipp.DataAggregation.Core.Rest.RestHandler.#ctor(Intuit.Ipp.DataAggregation.Core.ServiceContext)">
            <summary>
            Initializes a new instance of the <see cref="T:Intuit.Ipp.DataAggregation.Core.Rest.RestHandler"/> class.
            </summary>
            <param name="context">The Service Context.</param>
        </member>
        <member name="M:Intuit.Ipp.DataAggregation.Core.Rest.RestHandler.#ctor">
            <summary>
            Initializes a new instance of the <see cref="T:Intuit.Ipp.DataAggregation.Core.Rest.RestHandler"/> class.
            </summary>
        </member>
        <member name="M:Intuit.Ipp.DataAggregation.Core.Rest.RestHandler.PrepareRequest(Intuit.Ipp.DataAggregation.Core.Rest.RequestParameters,System.Object)">
            <summary>
            Prepares the HttpWebRequest along with authentication header added to the request.
            </summary>
            <param name="requestParameters">The parameters.</param>
            <param name="requestBody">The request entity.</param>
            <returns>
            Http web request object.
            </returns>
        </member>
        <member name="M:Intuit.Ipp.DataAggregation.Core.Rest.RestHandler.GetResponse(System.Net.HttpWebRequest)">
            <summary>
            Returns the response by calling REST service.
            </summary>
            <param name="request">The request.</param>
            <returns>Response from REST service.</returns>
        </member>
        <member name="P:Intuit.Ipp.DataAggregation.Core.Rest.RestHandler.IsSyncRequestStream">
            <summary>
            Gets a value indicating whether to write to request stream or not.
            For async requests GetRequestStream is an async operation.
            </summary>
        </member>
        <member name="P:Intuit.Ipp.DataAggregation.Core.Rest.RestHandler.ServiceContext">
            <summary>
            Gets or sets a value for service context
            </summary>
        </member>
        <member name="P:Intuit.Ipp.DataAggregation.Core.Rest.RestHandler.IsMfa">
            <summary>
            Gets or sets a value indicating whether the API need MFA
            </summary>
        </member>
        <member name="T:Intuit.Ipp.DataAggregation.Core.CoreHelper">
            <summary>
            Helper class.
            </summary>
        </member>
        <member name="M:Intuit.Ipp.DataAggregation.Core.CoreHelper.CheckNullResponseAndThrowException(System.String)">
            <summary>
            Checks whether the reponse is null or empty and throws communication exception.
            </summary>
            <param name="response">The response from the query service.</param>
        </member>
        <member name="M:Intuit.Ipp.DataAggregation.Core.CoreHelper.ParseResponseAndThrowException(System.Net.WebException)">
            <summary>
            Parses the Response and throws appropriate exceptions.
            </summary>
            <param name="webException">Web Exception.</param>
            <returns>Ids Exception.</returns>
        </member>
        <member name="T:Intuit.Ipp.DataAggregation.Core.Rest.SyncRestHandler">
            <summary>
            SyncRestHandler contains the logic for preparing the REST request, calls REST services and returns the response.
            </summary>
        </member>
        <member name="M:Intuit.Ipp.DataAggregation.Core.Rest.SyncRestHandler.#ctor(Intuit.Ipp.DataAggregation.Core.ServiceContext)">
            <summary>
            Initializes a new instance of the <see cref="T:Intuit.Ipp.DataAggregation.Core.Rest.SyncRestHandler"/> class.
            </summary>
            <param name="context">The context.</param>
        </member>
        <member name="M:Intuit.Ipp.DataAggregation.Core.Rest.SyncRestHandler.#ctor">
            <summary>
            Prevents a default instance of the <see cref="T:Intuit.Ipp.DataAggregation.Core.Rest.SyncRestHandler"/> class from being created.
            </summary>
        </member>
        <member name="M:Intuit.Ipp.DataAggregation.Core.Rest.SyncRestHandler.GetResponse(System.Net.HttpWebRequest)">
            <summary>
            Returns the response by calling REST service.
            </summary>
            <param name="request">The request.</param>
            <returns>Response from REST service.</returns>
        </member>
        <member name="M:Intuit.Ipp.DataAggregation.Core.Rest.SyncRestHandler.Dispose">
            <summary>
            Disposes any unmanaged resources
            </summary>        
        </member>
        <member name="M:Intuit.Ipp.DataAggregation.Core.Rest.SyncRestHandler.Dispose(System.Boolean)">
            <summary>
            Disposes managed/unmanaged resources
            </summary>
            <param name="managed">True if only managed resources to be disposed</param>
        </member>
        <member name="M:Intuit.Ipp.DataAggregation.Core.Rest.SyncRestHandler.ParseResponse(System.Net.HttpWebResponse)">
            <summary>
            Parses the response object.
            </summary>
            <param name="httpWebResponse">The Http Web Response object.</param>
            <returns>Returns the response by parsing httpWebResponse object.</returns>
        </member>
        <member name="M:Intuit.Ipp.DataAggregation.Core.Rest.SyncRestHandler.CallRestService(System.Net.HttpWebRequest)">
            <summary>
            Calls the rest service.
            </summary>
            <param name="request">The request.</param>
            <returns>Returns the response.</returns>
        </member>
        <member name="P:Intuit.Ipp.DataAggregation.Core.Rest.SyncRestHandler.LastResponse">
            <summary>
            Gets the last HttpWebResponse followed by a this.GetResponse()
            </summary>
        </member>
        <member name="P:Intuit.Ipp.DataAggregation.Core.Rest.SyncRestHandler.IsSyncRequestStream">
            <summary>
            Gets the value which indicates to set the request body of the http web request.
            </summary>
        </member>
        <member name="T:Intuit.Ipp.DataAggregation.Core.Rest.LogRequestsToDisk">
            <summary>
            Logs API Requests/Responses To Disk
            </summary>
        </member>
        <member name="M:Intuit.Ipp.DataAggregation.Core.Rest.LogRequestsToDisk.LogPlatformRequests(System.String,System.Boolean)">
            <summary>
            Logs the Platform Request to Disk.
            </summary>
            <param name="xml">The xml to log.</param>
            <param name="isRequest">Specifies whether the xml is request or response.</param>
        </member>
        <member name="P:Intuit.Ipp.DataAggregation.Core.Rest.LogRequestsToDisk.EnableServiceRequestsLogging">
            <summary>
            Gets or sets a value indicating whether Service Requests Logging should be enabled.
            </summary>
        </member>
        <member name="P:Intuit.Ipp.DataAggregation.Core.Rest.LogRequestsToDisk.ServiceRequestLoggingLocation">
            <summary>
            Gets or sets the Service Request Logging Location.
            </summary>
        </member>
    </members>
</doc>
