<?xml version="1.0"?>
<doc>
    <assembly>
        <name>Intuit.Ipp.DataAggregation.Exception</name>
    </assembly>
    <members>
        <member name="T:Intuit.Ipp.DataAggregation.Exception.Properties.Resources">
            <summary>
              A strongly-typed resource class, for looking up localized strings, etc.
            </summary>
        </member>
        <member name="P:Intuit.Ipp.DataAggregation.Exception.Properties.Resources.ResourceManager">
            <summary>
              Returns the cached ResourceManager instance used by this class.
            </summary>
        </member>
        <member name="P:Intuit.Ipp.DataAggregation.Exception.Properties.Resources.Culture">
            <summary>
              Overrides the current thread's CurrentUICulture property for all
              resource lookups using this strongly typed resource class.
            </summary>
        </member>
        <member name="P:Intuit.Ipp.DataAggregation.Exception.Properties.Resources.BatchItemsExceededExceptionDefaultMessage">
            <summary>
              Looks up a localized string similar to Number of Items in Batch Request exceeded the permissible limit..
            </summary>
        </member>
        <member name="P:Intuit.Ipp.DataAggregation.Exception.Properties.Resources.ChannelTerminatedExceptionDefaultMessage">
            <summary>
              Looks up a localized string similar to The communicating channel was terminated..
            </summary>
        </member>
        <member name="P:Intuit.Ipp.DataAggregation.Exception.Properties.Resources.CommunicationExceptionDefaultMessage">
            <summary>
              Looks up a localized string similar to CommunicationException was thrown..
            </summary>
        </member>
        <member name="P:Intuit.Ipp.DataAggregation.Exception.Properties.Resources.EndpointNotFoundExceptionDefaultMessage">
            <summary>
              Looks up a localized string similar to Ids service endpoint was not found..
            </summary>
        </member>
        <member name="P:Intuit.Ipp.DataAggregation.Exception.Properties.Resources.FaultExceptionDefaultMessage">
            <summary>
              Looks up a localized string similar to Fault exception was raised..
            </summary>
        </member>
        <member name="P:Intuit.Ipp.DataAggregation.Exception.Properties.Resources.IdsErrorDefaultMessage">
            <summary>
              Looks up a localized string similar to IdsError was thrown..
            </summary>
        </member>
        <member name="P:Intuit.Ipp.DataAggregation.Exception.Properties.Resources.IdsExceptionDefaultMessage">
            <summary>
              Looks up a localized string similar to Ids exception was thrown..
            </summary>
        </member>
        <member name="P:Intuit.Ipp.DataAggregation.Exception.Properties.Resources.InvalidParameterExceptionMessage">
            <summary>
              Looks up a localized string similar to Invalid Parameter.
            </summary>
        </member>
        <member name="P:Intuit.Ipp.DataAggregation.Exception.Properties.Resources.InvalidRealmExceptionDefaultMessage">
            <summary>
              Looks up a localized string similar to Realm Id is invalid..
            </summary>
        </member>
        <member name="P:Intuit.Ipp.DataAggregation.Exception.Properties.Resources.InvalidServiceRequestExceptionDefaultMessage">
            <summary>
              Looks up a localized string similar to The Request to the service is invalid..
            </summary>
        </member>
        <member name="P:Intuit.Ipp.DataAggregation.Exception.Properties.Resources.InvalidTokenExceptionDefaultMessage">
            <summary>
              Looks up a localized string similar to Security Token is invalid..
            </summary>
        </member>
        <member name="P:Intuit.Ipp.DataAggregation.Exception.Properties.Resources.IpsExceptionDefaultMessage">
            <summary>
              Looks up a localized string similar to Ips exception thrown..
            </summary>
        </member>
        <member name="P:Intuit.Ipp.DataAggregation.Exception.Properties.Resources.ProtocolExceptionDefaultMessage">
            <summary>
              Looks up a localized string similar to Protocol exception was raised..
            </summary>
        </member>
        <member name="P:Intuit.Ipp.DataAggregation.Exception.Properties.Resources.RetryExceededExceptionDefaultMessage">
            <summary>
              Looks up a localized string similar to Exceeded retry attempts..
            </summary>
        </member>
        <member name="P:Intuit.Ipp.DataAggregation.Exception.Properties.Resources.RetryExceptionDefaultMessage">
            <summary>
              Looks up a localized string similar to Retry Policy Exception was raised..
            </summary>
        </member>
        <member name="P:Intuit.Ipp.DataAggregation.Exception.Properties.Resources.SdkExceptionDefaultMessage">
            <summary>
              Looks up a localized string similar to Sdk Exception was thrown..
            </summary>
        </member>
        <member name="P:Intuit.Ipp.DataAggregation.Exception.Properties.Resources.SecurityExceptionDefaultMessage">
            <summary>
              Looks up a localized string similar to SecurityException was thrown..
            </summary>
        </member>
        <member name="P:Intuit.Ipp.DataAggregation.Exception.Properties.Resources.SerializationExceptionDefaultMessage">
            <summary>
              Looks up a localized string similar to Serialization Exception was raised..
            </summary>
        </member>
        <member name="P:Intuit.Ipp.DataAggregation.Exception.Properties.Resources.ServerTooBusyExceptionDefaultMessage">
            <summary>
              Looks up a localized string similar to Ids Server is too busy..
            </summary>
        </member>
        <member name="P:Intuit.Ipp.DataAggregation.Exception.Properties.Resources.ServiceExceptionDefaultMessage">
            <summary>
              Looks up a localized string similar to ServiceException was thrown..
            </summary>
        </member>
        <member name="P:Intuit.Ipp.DataAggregation.Exception.Properties.Resources.ValidationExceptionDefaultMessage">
            <summary>
              Looks up a localized string similar to ValidationException was thrown..
            </summary>
        </member>
        <member name="T:Intuit.Ipp.DataAggregation.Exception.RetryException">
            <summary>
            Represents an exception raised when applying the retry policy for the Ids service calls.
            </summary>
        </member>
        <member name="T:Intuit.Ipp.DataAggregation.Exception.AggregationCategorizationException">
            <summary>
            Represents an IdsException.
            </summary>
        </member>
        <member name="F:Intuit.Ipp.DataAggregation.Exception.AggregationCategorizationException.errorCode">
            <summary>
            Error Code
            </summary>
        </member>
        <member name="F:Intuit.Ipp.DataAggregation.Exception.AggregationCategorizationException.errorCodeString">
            <summary>
            Error code as in string representation
            </summary>
        </member>
        <member name="F:Intuit.Ipp.DataAggregation.Exception.AggregationCategorizationException.errorMessage">
            <summary>
            Error Message.
            </summary>
        </member>
        <member name="F:Intuit.Ipp.DataAggregation.Exception.AggregationCategorizationException.source">
            <summary>
            Source of the exception.
            </summary>
        </member>
        <member name="F:Intuit.Ipp.DataAggregation.Exception.AggregationCategorizationException.innerException">
            <summary>
            Inner Exception.
            </summary>
        </member>
        <member name="M:Intuit.Ipp.DataAggregation.Exception.AggregationCategorizationException.#ctor">
            <summary>
            Initializes a new instance of the <see cref="T:Intuit.Ipp.DataAggregation.Exception.AggregationCategorizationException"/> class.
            </summary>
        </member>
        <member name="M:Intuit.Ipp.DataAggregation.Exception.AggregationCategorizationException.#ctor(System.String)">
            <summary>
            Initializes a new instance of the <see cref="T:Intuit.Ipp.DataAggregation.Exception.AggregationCategorizationException"/> class.
            </summary>
            <param name="errorMessage">Error Message.</param>
        </member>
        <member name="M:Intuit.Ipp.DataAggregation.Exception.AggregationCategorizationException.#ctor(System.String,System.Exception)">
            <summary>
            Initializes a new instance of the <see cref="T:Intuit.Ipp.DataAggregation.Exception.AggregationCategorizationException"/> class.
            </summary>
            <param name="errorMessage">Error Message</param>
            <param name="innerException">Inner Exception.</param>
        </member>
        <member name="M:Intuit.Ipp.DataAggregation.Exception.AggregationCategorizationException.#ctor(System.String,System.Net.HttpStatusCode,System.String)">
            <summary>
            Initializes a new instance of the <see cref="T:Intuit.Ipp.DataAggregation.Exception.AggregationCategorizationException"/> class.
            </summary>
            <param name="errorMessage">Error Message</param>
            <param name="errorCode">Error Code.</param>
            <param name="source">Source of the exception.</param>
        </member>
        <member name="M:Intuit.Ipp.DataAggregation.Exception.AggregationCategorizationException.#ctor(System.String,System.String,System.String)">
            <summary>
            Initializes a new instance of the <see cref="T:Intuit.Ipp.DataAggregation.Exception.AggregationCategorizationException"/> class.
            </summary>
            <param name="errorMessage">Error Message</param>
            <param name="errorCode">Error Code.</param>
            <param name="source">Source of the exception.</param>
        </member>
        <member name="M:Intuit.Ipp.DataAggregation.Exception.AggregationCategorizationException.#ctor(System.String,System.Net.HttpStatusCode,System.String,System.Exception)">
            <summary>
            Initializes a new instance of the <see cref="T:Intuit.Ipp.DataAggregation.Exception.AggregationCategorizationException"/> class.
            </summary>
            <param name="errorMessage">Error Message</param>
            <param name="errorCode">Error Code.</param>
            <param name="source">Source of the exception.</param>
            <param name="innerException">Inner Exception.</param>
        </member>
        <member name="M:Intuit.Ipp.DataAggregation.Exception.AggregationCategorizationException.#ctor(System.String,System.String,System.String,System.Exception)">
            <summary>
            Initializes a new instance of the <see cref="T:Intuit.Ipp.DataAggregation.Exception.AggregationCategorizationException"/> class.
            </summary>
            <param name="errorMessage">Error Message</param>
            <param name="errorCode">Error Code.</param>
            <param name="source">Source of the exception.</param>
            <param name="innerException">Inner Exception.</param>
        </member>
        <member name="M:Intuit.Ipp.DataAggregation.Exception.AggregationCategorizationException.#ctor(System.Runtime.Serialization.SerializationInfo,System.Runtime.Serialization.StreamingContext)">
            <summary>
            Initializes a new instance of the <see cref="T:Intuit.Ipp.DataAggregation.Exception.AggregationCategorizationException"/> class.
            </summary>
            <param name="info">The System.Runtime.Serialization.SerializationInfo that holds the serialized object data about the exception being thrown.</param>
            <param name="context">The System.Runtime.Serialization.StreamingContext that contains contextual information about the source or destination.</param>
        </member>
        <member name="M:Intuit.Ipp.DataAggregation.Exception.AggregationCategorizationException.GetObjectData(System.Runtime.Serialization.SerializationInfo,System.Runtime.Serialization.StreamingContext)">
            <summary>
            Contains the System.Runtime.Serialization.SerializationInfo with information about the exception.
            </summary>
            <param name="info">The System.Runtime.Serialization.SerializationInfo that holds the serialized object data about the exception being thrown.</param>
            <param name="context">The System.Runtime.Serialization.StreamingContext that contains contextual information about the source or destination.</param>
        </member>
        <member name="P:Intuit.Ipp.DataAggregation.Exception.AggregationCategorizationException.ErrorCode">
            <summary>
            Gets or sets Error Code(400, 200, 404).
            </summary>
        </member>
        <member name="P:Intuit.Ipp.DataAggregation.Exception.AggregationCategorizationException.ErrorCodeString">
            <summary>
            Gets or sets a value for error string
            </summary>
        </member>
        <member name="P:Intuit.Ipp.DataAggregation.Exception.AggregationCategorizationException.Message">
            <summary>
            Error Message.
            </summary>
        </member>
        <member name="P:Intuit.Ipp.DataAggregation.Exception.AggregationCategorizationException.Source">
            <summary>
            Source of the exception.
            </summary>
        </member>
        <member name="P:Intuit.Ipp.DataAggregation.Exception.AggregationCategorizationException.InnerException">
            <summary>
            Gets inner exception.
            </summary>
        </member>
        <member name="M:Intuit.Ipp.DataAggregation.Exception.RetryException.#ctor">
            <summary>
            Initializes a new instance of the RetryException class.
            </summary>
        </member>
        <member name="M:Intuit.Ipp.DataAggregation.Exception.RetryException.#ctor(System.String)">
            <summary>
            Initializes a new instance of the RetryException class.
            </summary>
            <param name="errorMessage">Error Message.</param>
        </member>
        <member name="M:Intuit.Ipp.DataAggregation.Exception.RetryException.#ctor(System.String,System.Exception)">
            <summary>
            Initializes a new instance of the RetryException class.
            </summary>
            <param name="errorMessage">Error Message</param>
            <param name="innerException">Inner Exception.</param>
        </member>
        <member name="M:Intuit.Ipp.DataAggregation.Exception.RetryException.#ctor(System.String,System.Net.HttpStatusCode,System.String)">
            <summary>
            Initializes a new instance of the RetryException class.
            </summary>
            <param name="errorMessage">Error Message</param>
            <param name="errorCode">Error Code.</param>
            <param name="source">Source of the exception.</param>
        </member>
        <member name="M:Intuit.Ipp.DataAggregation.Exception.RetryException.#ctor(System.String,System.Net.HttpStatusCode,System.String,System.Exception)">
            <summary>
            Initializes a new instance of the RetryException class.
            </summary>
            <param name="errorMessage">Error Message</param>
            <param name="errorCode">Error Code.</param>
            <param name="source">Source of the exception.</param>
            <param name="innerException">Inner Exception.</param>
        </member>
        <member name="M:Intuit.Ipp.DataAggregation.Exception.RetryException.#ctor(System.Runtime.Serialization.SerializationInfo,System.Runtime.Serialization.StreamingContext)">
            <summary>
            Initializes a new instance of the RetryException class.
            </summary>
            <param name="info">The System.Runtime.Serialization.SerializationInfo that holds the serialized object data about the exception being thrown.</param>
            <param name="context">The System.Runtime.Serialization.StreamingContext that contains contextual information about the source or destination.</param>
        </member>
        <member name="T:Intuit.Ipp.DataAggregation.Exception.RetryExceededException">
            <summary>
            Represents a Retry Exception.
            </summary>
        </member>
        <member name="M:Intuit.Ipp.DataAggregation.Exception.RetryExceededException.#ctor">
            <summary>
            Initializes a new instance of the RetryExceededException class.
            </summary>
        </member>
        <member name="M:Intuit.Ipp.DataAggregation.Exception.RetryExceededException.#ctor(System.String)">
            <summary>
            Initializes a new instance of the RetryExceededException class.
            </summary>
            <param name="errorMessage">Error Message.</param>
        </member>
        <member name="M:Intuit.Ipp.DataAggregation.Exception.RetryExceededException.#ctor(System.String,System.Exception)">
            <summary>
            Initializes a new instance of the RetryExceededException class.
            </summary>
            <param name="errorMessage">Error Message</param>
            <param name="innerException">Inner Exception.</param>
        </member>
        <member name="M:Intuit.Ipp.DataAggregation.Exception.RetryExceededException.#ctor(System.String,System.String,System.String)">
            <summary>
            Initializes a new instance of the RetryExceededException class.
            </summary>
            <param name="errorMessage">Error Message</param>
            <param name="errorCode">Error Code.</param>
            <param name="source">Source of the exception.</param>
        </member>
        <member name="M:Intuit.Ipp.DataAggregation.Exception.RetryExceededException.#ctor(System.String,System.String,System.String,System.Exception)">
            <summary>
            Initializes a new instance of the RetryExceededException class.
            </summary>
            <param name="errorMessage">Error Message</param>
            <param name="errorCode">Error Code.</param>
            <param name="source">Source of the exception.</param>
            <param name="innerException">Inner Exception.</param>
        </member>
        <member name="M:Intuit.Ipp.DataAggregation.Exception.RetryExceededException.#ctor(System.Runtime.Serialization.SerializationInfo,System.Runtime.Serialization.StreamingContext)">
            <summary>
            Initializes a new instance of the RetryExceededException class.
            </summary>
            <param name="info">The System.Runtime.Serialization.SerializationInfo that holds the serialized object data about the exception being thrown.</param>
            <param name="context">The System.Runtime.Serialization.StreamingContext that contains contextual information about the source or destination.</param>
        </member>
        <member name="T:Intuit.Ipp.DataAggregation.Exception.CommunicationException">
            <summary>
            Represents an exception raised while communicating with IDS services.
            </summary>
        </member>
        <member name="M:Intuit.Ipp.DataAggregation.Exception.CommunicationException.#ctor">
            <summary>
            Initializes a new instance of the CommunicationException class.
            </summary>
        </member>
        <member name="M:Intuit.Ipp.DataAggregation.Exception.CommunicationException.#ctor(System.String)">
            <summary>
            Initializes a new instance of the CommunicationException class.
            </summary>
            <param name="errorMessage">Error Message.</param>
        </member>
        <member name="M:Intuit.Ipp.DataAggregation.Exception.CommunicationException.#ctor(System.String,System.Exception)">
            <summary>
            Initializes a new instance of the CommunicationException class.
            </summary>
            <param name="errorMessage">Error Message</param>
            <param name="innerException">Inner Exception.</param>
        </member>
        <member name="M:Intuit.Ipp.DataAggregation.Exception.CommunicationException.#ctor(System.String,System.Net.HttpStatusCode,System.String)">
            <summary>
            Initializes a new instance of the CommunicationException class.
            </summary>
            <param name="errorMessage">Error Message</param>
            <param name="errorCode">Error Code.</param>
            <param name="source">Source of the exception.</param>
        </member>
        <member name="M:Intuit.Ipp.DataAggregation.Exception.CommunicationException.#ctor(System.String,System.Net.HttpStatusCode,System.String,System.Exception)">
            <summary>
            Initializes a new instance of the CommunicationException class.
            </summary>
            <param name="errorMessage">Error Message</param>
            <param name="errorCode">Error Code.</param>
            <param name="source">Source of the exception.</param>
            <param name="innerException">Inner Exception.</param>
        </member>
        <member name="M:Intuit.Ipp.DataAggregation.Exception.CommunicationException.#ctor(System.Runtime.Serialization.SerializationInfo,System.Runtime.Serialization.StreamingContext)">
            <summary>
            Initializes a new instance of the CommunicationException class.
            </summary>
            <param name="info">The System.Runtime.Serialization.SerializationInfo that holds the serialized object data about the exception being thrown.</param>
            <param name="context">The System.Runtime.Serialization.StreamingContext that contains contextual information about the source or destination.</param>
        </member>
        <member name="T:Intuit.Ipp.DataAggregation.Exception.NamespaceDoc">
            <summary>
            Intuit.Ipp.DataAggregation.Exception assembly holds list of exceptions which may occur during Aggregation and Categorization service API calls.  
            Exceptions that occur within the SDK are categorized as SDK Exceptions.  
            For example, SerializationException, De-SerializationException, and so forth.  
            Exceptions returned from REST services or exceptions related to network are categorized as Service Exceptions.  
            For example, CommunicationException, RetryException, and so forth.  
            The assembly has AggregationCategorizationException class that manages all IDS exceptions and has Error messages, Error code, Source, Inner Exception details required to handle exceptions.
            </summary>
        </member>
        <member name="T:Intuit.Ipp.DataAggregation.Exception.SerializationException">
            <summary>
            Represents a Exception raised during Serialization/Deserialization of entities.
            </summary>
        </member>
        <member name="M:Intuit.Ipp.DataAggregation.Exception.SerializationException.#ctor">
            <summary>
            Initializes a new instance of the SerializationException class.
            </summary>
        </member>
        <member name="M:Intuit.Ipp.DataAggregation.Exception.SerializationException.#ctor(System.String)">
            <summary>
            Initializes a new instance of the SerializationException class.
            </summary>
            <param name="errorMessage">Error Message.</param>
        </member>
        <member name="M:Intuit.Ipp.DataAggregation.Exception.SerializationException.#ctor(System.String,System.Exception)">
            <summary>
            Initializes a new instance of the SerializationException class.
            </summary>
            <param name="errorMessage">Error Message</param>
            <param name="innerException">Inner Exception.</param>
        </member>
        <member name="M:Intuit.Ipp.DataAggregation.Exception.SerializationException.#ctor(System.String,System.Net.HttpStatusCode,System.String)">
            <summary>
            Initializes a new instance of the SerializationException class.
            </summary>
            <param name="errorMessage">Error Message</param>
            <param name="errorCode">Error Code.</param>
            <param name="source">Source of the exception.</param>
        </member>
        <member name="M:Intuit.Ipp.DataAggregation.Exception.SerializationException.#ctor(System.String,System.Net.HttpStatusCode,System.String,System.Exception)">
            <summary>
            Initializes a new instance of the SerializationException class.
            </summary>
            <param name="errorMessage">Error Message</param>
            <param name="errorCode">Error Code.</param>
            <param name="source">Source of the exception.</param>
            <param name="innerException">Inner Exception.</param>
        </member>
        <member name="M:Intuit.Ipp.DataAggregation.Exception.SerializationException.#ctor(System.Runtime.Serialization.SerializationInfo,System.Runtime.Serialization.StreamingContext)">
            <summary>
            Initializes a new instance of the SerializationException class.
            </summary>
            <param name="info">The System.Runtime.Serialization.SerializationInfo that holds the serialized object data about the exception being thrown.</param>
            <param name="context">The System.Runtime.Serialization.StreamingContext that contains contextual information about the source or destination.</param>
        </member>
        <member name="T:Intuit.Ipp.DataAggregation.Exception.InvalidTokenException">
            <summary>
            Represents an Exception raised when an invalid token was generated.
            </summary>
        </member>
        <member name="M:Intuit.Ipp.DataAggregation.Exception.InvalidTokenException.#ctor">
            <summary>
            Initializes a new instance of the InvalidTokenException class.
            </summary>
        </member>
        <member name="M:Intuit.Ipp.DataAggregation.Exception.InvalidTokenException.#ctor(System.String)">
            <summary>
            Initializes a new instance of the InvalidTokenException class.
            </summary>
            <param name="errorMessage">Error Message.</param>
        </member>
        <member name="M:Intuit.Ipp.DataAggregation.Exception.InvalidTokenException.#ctor(System.String,System.Exception)">
            <summary>
            Initializes a new instance of the InvalidTokenException class.
            </summary>
            <param name="errorMessage">Error Message</param>
            <param name="innerException">Inner Exception.</param>
        </member>
        <member name="M:Intuit.Ipp.DataAggregation.Exception.InvalidTokenException.#ctor(System.String,System.Net.HttpStatusCode,System.String)">
            <summary>
            Initializes a new instance of the InvalidTokenException class.
            </summary>
            <param name="errorMessage">Error Message</param>
            <param name="errorCode">Error Code.</param>
            <param name="source">Source of the exception.</param>
        </member>
        <member name="M:Intuit.Ipp.DataAggregation.Exception.InvalidTokenException.#ctor(System.String,System.Net.HttpStatusCode,System.String,System.Exception)">
            <summary>
            Initializes a new instance of the InvalidTokenException class.
            </summary>
            <param name="errorMessage">Error Message</param>
            <param name="errorCode">Error Code.</param>
            <param name="source">Source of the exception.</param>
            <param name="innerException">Inner Exception.</param>
        </member>
        <member name="M:Intuit.Ipp.DataAggregation.Exception.InvalidTokenException.#ctor(System.Runtime.Serialization.SerializationInfo,System.Runtime.Serialization.StreamingContext)">
            <summary>
            Initializes a new instance of the InvalidTokenException class.
            </summary>
            <param name="info">The System.Runtime.Serialization.SerializationInfo that holds the serialized object data about the exception being thrown.</param>
            <param name="context">The System.Runtime.Serialization.StreamingContext that contains contextual information about the source or destination.</param>
        </member>
    </members>
</doc>
