<?xml version="1.0"?>
<doc>
    <assembly>
        <name>Intuit.Ipp.DataAggregation.Security</name>
    </assembly>
    <members>
        <member name="T:Intuit.Ipp.DataAggregation.Security.InMemoryTokenManager">
            <summary>
            A token manager that only retains tokens in memory. 
            Meant for SHORT TERM USE TOKENS ONLY.
            </summary>
            <remarks>
            A likely application of this class is for "Sign In With Twitter", where the user only signs in without providing any authorization to access
            Twitter APIs except to authenticate, since that access token is only useful once.
            </remarks>
        </member>
        <member name="F:Intuit.Ipp.DataAggregation.Security.InMemoryTokenManager.tokensAndSecrets">
            <summary>
            Stores tokens and secrets in memory
            </summary>
        </member>
        <member name="M:Intuit.Ipp.DataAggregation.Security.InMemoryTokenManager.#ctor(System.String,System.String)">
            <summary>
            Initializes a new instance of the <see cref="T:Intuit.Ipp.DataAggregation.Security.InMemoryTokenManager"/> class.
            </summary>
            <param name="consumerKey">The consumer key.</param>
            <param name="consumerSecret">The consumer secret.</param>
        </member>
        <member name="M:Intuit.Ipp.DataAggregation.Security.InMemoryTokenManager.GetTokenSecret(System.String)">
            <summary>
            Gets the Token Secret given a request or access token.
            </summary>
            <param name="token">The request or access token.</param>
            <returns>
            The secret associated with the given token.
            </returns>
            <exception cref="T:System.ArgumentException">Thrown if the secret cannot be found for the given token.</exception>
        </member>
        <member name="M:Intuit.Ipp.DataAggregation.Security.InMemoryTokenManager.StoreNewRequestToken(DotNetOpenAuth.OAuth.Messages.UnauthorizedTokenRequest,DotNetOpenAuth.OAuth.Messages.ITokenSecretContainingMessage)">
            <summary>
            Stores a newly generated unauthorized request token, secret, and optional
            application-specific parameters for later recall.
            </summary>
            <param name="request">The request message that resulted in the generation of a new unauthorized request token.</param>
            <param name="response">The response message that includes the unauthorized request token.</param>
            <exception cref="T:System.ArgumentException">Thrown if the consumer key is not registered, or a required parameter was not found in the parameters collection.</exception>
            <remarks>
            Request tokens stored by this method SHOULD NOT associate any user account with this token.
            It usually opens up security holes in your application to do so.  Instead, you associate a user
            account with access tokens (not request tokens) in the <see cref="M:Intuit.Ipp.DataAggregation.Security.InMemoryTokenManager.ExpireRequestTokenAndStoreNewAccessToken(System.String,System.String,System.String,System.String)"/>
            method.
            </remarks>
        </member>
        <member name="M:Intuit.Ipp.DataAggregation.Security.InMemoryTokenManager.ExpireRequestTokenAndStoreNewAccessToken(System.String,System.String,System.String,System.String)">
            <summary>
            Deletes a request token and its associated secret and stores a new access token and secret.
            </summary>
            <param name="consumerKey">The Consumer that is exchanging its request token for an access token.</param>
            <param name="requestToken">The Consumer's request token that should be deleted/expired.</param>
            <param name="accessToken">The new access token that is being issued to the Consumer.</param>
            <param name="accessTokenSecret">The secret associated with the newly issued access token.</param>
            <remarks>
            <para>
            Any scope of granted privileges associated with the request token from the
            original call to <see cref="M:Intuit.Ipp.DataAggregation.Security.InMemoryTokenManager.StoreNewRequestToken(DotNetOpenAuth.OAuth.Messages.UnauthorizedTokenRequest,DotNetOpenAuth.OAuth.Messages.ITokenSecretContainingMessage)"/> should be carried over
            to the new Access Token.
            </para>
             <para>
            To associate a user account with the new access token,
            <see cref="P:System.Web.HttpContext.User">HttpContext.Current.User</see> may be
            useful in an ASP.NET web application within the implementation of this method.
            Alternatively you may store the access token here without associating with a user account,
            and wait until <see cref="!:WebConsumer.ProcessUserAuthorization()"/> or
            <see cref="!:DesktopConsumer.ProcessUserAuthorization(string, string)"/> return the access
            token to associate the access token with a user account at that point.
            </para>
            </remarks>
        </member>
        <member name="M:Intuit.Ipp.DataAggregation.Security.InMemoryTokenManager.GetTokenType(System.String)">
            <summary>
            Classifies a token as a request token or an access token.
            </summary>
            <param name="token">The token to classify.</param>
            <returns>Request or Access token, or invalid if the token is not recognized.</returns>
        </member>
        <member name="M:Intuit.Ipp.DataAggregation.Security.InMemoryTokenManager.StoreTokenSecret(System.String,System.String)">
            <summary>
            Stores token in memory
            </summary>
            <param name="accessToken">Access token</param>
            <param name="tokenSecret">Access token secret</param>
        </member>
        <member name="P:Intuit.Ipp.DataAggregation.Security.InMemoryTokenManager.ConsumerKey">
            <summary>
            Gets the consumer key.
            </summary>
            <value>The consumer key.</value>
        </member>
        <member name="P:Intuit.Ipp.DataAggregation.Security.InMemoryTokenManager.ConsumerSecret">
            <summary>
            Gets the consumer secret.
            </summary>
            <value>The consumer secret.</value>
        </member>
        <member name="T:Intuit.Ipp.DataAggregation.Security.SecurityConstants">
            <summary>
            Constants for security assembly.
            </summary>
        </member>
        <member name="F:Intuit.Ipp.DataAggregation.Security.SecurityConstants.QBNCOOKIEPREFIX">
            <summary>
            Qbn Cookie Prefix value.
            </summary>
        </member>
        <member name="F:Intuit.Ipp.DataAggregation.Security.SecurityConstants.SEMICOLONSTRING">
            <summary>
            Semi Colon(;) string value.
            </summary>
        </member>
        <member name="F:Intuit.Ipp.DataAggregation.Security.SecurityConstants.EQUALSSTRINGVALUE">
            <summary>
            Equals(=) string value;
            </summary>
        </member>
        <member name="F:Intuit.Ipp.DataAggregation.Security.SecurityConstants.USERNAMEAUTHREQUESTURI">
            <summary>
            Request Uri for User name authentication model.
            </summary>
        </member>
        <member name="F:Intuit.Ipp.DataAggregation.Security.SecurityConstants.OAUTHREQUESTTOKENURI">
            <summary>
            Request token Uri for OAuth authentication model.
            </summary>
        </member>
        <member name="F:Intuit.Ipp.DataAggregation.Security.SecurityConstants.OAUTHAUTHORIZEREQUESTURL">
            <summary>
            Authorize Request Uri for OAuth authentication model.
            </summary>
        </member>
        <member name="F:Intuit.Ipp.DataAggregation.Security.SecurityConstants.OAUTHACCESSTOKENURL">
            <summary>
            Access token Uri for OAuth authentication model.
            </summary>
        </member>
        <member name="M:Intuit.Ipp.DataAggregation.Security.SecurityConstants.#cctor">
            <summary>
            Initializes static members of the <see cref="T:Intuit.Ipp.DataAggregation.Security.SecurityConstants"/> class.
            </summary>
        </member>
        <member name="T:Intuit.Ipp.DataAggregation.Security.OAuthRequestValidator">
            <summary>
            OAuth implementation for Request validate contract.
            </summary>
        </member>
        <member name="T:Intuit.Ipp.DataAggregation.Security.IRequestValidator">
            <summary>
            Interface for request validate
            </summary>
        </member>
        <member name="M:Intuit.Ipp.DataAggregation.Security.IRequestValidator.Authorize(System.Net.WebRequest,System.String)">
            <summary>
            Authorizes the web request.
            </summary>
            <param name="webRequest">The web request.</param>
            <param name="requestBody">The request body.</param>
        </member>
        <member name="F:Intuit.Ipp.DataAggregation.Security.OAuthRequestValidator.AuthorizationHeader">
            <summary>
            The Authorization Header constant.
            </summary>
        </member>
        <member name="F:Intuit.Ipp.DataAggregation.Security.OAuthRequestValidator.oauthSignatureMethod">
            <summary>
            The O auth signature method.
            </summary>
        </member>
        <member name="F:Intuit.Ipp.DataAggregation.Security.OAuthRequestValidator.additionalAuthHeaders">
            <summary>
            Additional authentication header parameter dictionary
            </summary>
        </member>
        <member name="M:Intuit.Ipp.DataAggregation.Security.OAuthRequestValidator.#ctor(System.String,System.String,System.String,System.String)">
            <summary>
            Initializes a new instance of the <see cref="T:Intuit.Ipp.DataAggregation.Security.OAuthRequestValidator"/> class.
            </summary>
            <param name="accessToken">The access token.</param>
            <param name="accessTokenSecret">The access token secret.</param>
            <param name="consumerKey">The consumer key.</param> 
            <param name="consumerSecret">The consumer secret.</param>
            <exception>InvalidTokenException: Thrown when anyone of the passed credentials are invalid.</exception>
        </member>
        <member name="M:Intuit.Ipp.DataAggregation.Security.OAuthRequestValidator.#ctor(System.String)">
            <summary>
            Initializes a new instance of the <see cref="T:Intuit.Ipp.DataAggregation.Security.OAuthRequestValidator"/> class.
            </summary>
            <param name="applicationToken">The application token.</param>
        </member>
        <member name="M:Intuit.Ipp.DataAggregation.Security.OAuthRequestValidator.Authorize(System.Net.WebRequest,System.String)">
            <summary>
            Authorizes the specified request.
            </summary>
            <param name="webRequest">The request.</param>
            <param name="requestBody">The requestBody if form encoded parameters.</param>
        </member>
        <member name="M:Intuit.Ipp.DataAggregation.Security.OAuthRequestValidator.GetHttpDeliveryMethod(System.String)">
            <summary>
            Gets the <see cref="T:DotNetOpenAuth.Messaging.HttpDeliveryMethods"/> enum value for a given HTTP verb.
            </summary>
            <param name="httpVerb">The HTTP verb.</param>
            <returns>A <see cref="T:DotNetOpenAuth.Messaging.HttpDeliveryMethods"/> enum value that is within the <see cref="F:DotNetOpenAuth.Messaging.HttpDeliveryMethods.HttpVerbMask"/>.</returns>
            <exception cref="T:System.ArgumentException">Thrown if the HTTP request is something we can't handle.</exception>
        </member>
        <member name="M:Intuit.Ipp.DataAggregation.Security.OAuthRequestValidator.CreateConsumer">
            <summary>
            Creates a web consumer object to start consuming REST APIs
            </summary>
            <returns>A WebConsumer object</returns>
        </member>
        <member name="P:Intuit.Ipp.DataAggregation.Security.OAuthRequestValidator.AccessToken">
            <summary>
            Gets or sets the access token.
            </summary>
            <value>
            The access token.
            </value>
        </member>
        <member name="P:Intuit.Ipp.DataAggregation.Security.OAuthRequestValidator.AccessTokenSecret">
            <summary>
            Gets or sets the access token secret.
            </summary>
            <value>
            The access token secret.
            </value>
        </member>
        <member name="P:Intuit.Ipp.DataAggregation.Security.OAuthRequestValidator.ConsumerKey">
            <summary>
            Gets or sets the consumer key.
            </summary>
            <value>
            The consumer key.
            </value>
        </member>
        <member name="P:Intuit.Ipp.DataAggregation.Security.OAuthRequestValidator.ConsumerSecret">
            <summary>
            Gets or sets the consumer secret.
            </summary>
            <value>
            The consumer secret.
            </value>
        </member>
        <member name="P:Intuit.Ipp.DataAggregation.Security.OAuthRequestValidator.AdditionalAuthorizationParameters">
            <summary>
            Gets additional authorization parameters dictionary
            </summary>
        </member>
        <member name="P:Intuit.Ipp.DataAggregation.Security.OAuthRequestValidator.Key">
            <summary>
            Gets or sets the key.
            </summary>
            <value>
            The asymmetric algorithm key.
            </value>
        </member>
        <member name="P:Intuit.Ipp.DataAggregation.Security.OAuthRequestValidator.Certificate">
            <summary>
            Gets or sets a value for underlying X509Certificate2 object to be used for RsaSha1 Signing
            </summary>
        </member>
        <member name="T:Intuit.Ipp.DataAggregation.Security.IPPOAuthSignatureMethod">
            <summary>
            Wraps signing method string constants
            </summary>
        </member>
        <member name="F:Intuit.Ipp.DataAggregation.Security.IPPOAuthSignatureMethod.HmacSha1">
            <summary>
            Signing method string for HmacSha1
            </summary>
        </member>
        <member name="F:Intuit.Ipp.DataAggregation.Security.IPPOAuthSignatureMethod.PlainText">
            <summary>
            Signing method string for PlainText
            </summary>
        </member>
        <member name="F:Intuit.Ipp.DataAggregation.Security.IPPOAuthSignatureMethod.RsaSha1">
            <summary>
            Signing method string for RsaSha1
            </summary>
        </member>
        <member name="T:Intuit.Ipp.DataAggregation.Security.Properties.Resources">
            <summary>
              A strongly-typed resource class, for looking up localized strings, etc.
            </summary>
        </member>
        <member name="P:Intuit.Ipp.DataAggregation.Security.Properties.Resources.ResourceManager">
            <summary>
              Returns the cached ResourceManager instance used by this class.
            </summary>
        </member>
        <member name="P:Intuit.Ipp.DataAggregation.Security.Properties.Resources.Culture">
            <summary>
              Overrides the current thread's CurrentUICulture property for all
              resource lookups using this strongly typed resource class.
            </summary>
        </member>
        <member name="P:Intuit.Ipp.DataAggregation.Security.Properties.Resources.AccessTokenNullMsg">
            <summary>
              Looks up a localized string similar to Access token cannot be null or empty..
            </summary>
        </member>
        <member name="P:Intuit.Ipp.DataAggregation.Security.Properties.Resources.AccessTokenSecretNullMsg">
            <summary>
              Looks up a localized string similar to Access token secret cannot be null or empty..
            </summary>
        </member>
        <member name="P:Intuit.Ipp.DataAggregation.Security.Properties.Resources.ConsumerKeyNullMsg">
            <summary>
              Looks up a localized string similar to Consumer key cannot be null or empty..
            </summary>
        </member>
        <member name="P:Intuit.Ipp.DataAggregation.Security.Properties.Resources.ConsumerKeySecretNullMsg">
            <summary>
              Looks up a localized string similar to Consumer key secret cannot be null or empty..
            </summary>
        </member>
        <member name="T:Intuit.Ipp.DataAggregation.Security.NamespaceDoc">
            <summary>
            Intuit.Ipp.DataAggregation.Security assembly consists of classes that are required to set security credentials to 
            connect with Intuit Aggregation and Categorization services.  
            It provides different ways to set OAuth credentials used for authorization.
            </summary>
        </member>
    </members>
</doc>
